{"textures": [{"image": "allframes_rutaCorrupsol.png", "format": "RGBA8888", "size": {"w": 9600, "h": 400}, "scale": 1, "frames": [{"filename": "title_rc0x.png", "rotated": false, "trimmed": false, "sourceSize": {"w": 1200, "h": 400}, "spriteSourceSize": {"x": 0, "y": 0, "w": 1200, "h": 400}, "frame": {"x": 1, "y": 1, "w": 1200, "h": 400}, "anchor": {"x": 0, "y": 0}}, {"filename": "title_rc1x.png", "rotated": false, "trimmed": false, "sourceSize": {"w": 1200, "h": 400}, "spriteSourceSize": {"x": 1200, "y": 0, "w": 1200, "h": 400}, "frame": {"x": 1201, "y": 1, "w": 1200, "h": 400}, "anchor": {"x": 0, "y": 0}}, {"filename": "title_rc2x.png", "rotated": false, "trimmed": false, "sourceSize": {"w": 1200, "h": 400}, "spriteSourceSize": {"x": 2400, "y": 0, "w": 1200, "h": 400}, "frame": {"x": 2401, "y": 1, "w": 1200, "h": 400}, "anchor": {"x": 0, "y": 0}}, {"filename": "title_rc3x.png", "rotated": false, "trimmed": false, "sourceSize": {"w": 1200, "h": 400}, "spriteSourceSize": {"x": 3600, "y": 0, "w": 1200, "h": 400}, "frame": {"x": 3601, "y": 1, "w": 1200, "h": 400}, "anchor": {"x": 0, "y": 0}}, {"filename": "title_rc4x.png", "rotated": false, "trimmed": false, "sourceSize": {"w": 1200, "h": 400}, "spriteSourceSize": {"x": 4800, "y": 0, "w": 1200, "h": 400}, "frame": {"x": 4801, "y": 1, "w": 1200, "h": 400}, "anchor": {"x": 0, "y": 0}}, {"filename": "title_rc5x.png", "rotated": false, "trimmed": false, "sourceSize": {"w": 1200, "h": 400}, "spriteSourceSize": {"x": 6000, "y": 0, "w": 1200, "h": 400}, "frame": {"x": 6001, "y": 1, "w": 1200, "h": 400}, "anchor": {"x": 0, "y": 0}}, {"filename": "title_rc6x.png", "rotated": false, "trimmed": false, "sourceSize": {"w": 1200, "h": 400}, "spriteSourceSize": {"x": 7200, "y": 0, "w": 1200, "h": 400}, "frame": {"x": 7201, "y": 1, "w": 1200, "h": 400}, "anchor": {"x": 0, "y": 0}}, {"filename": "title_rc7x.png", "rotated": false, "trimmed": false, "sourceSize": {"w": 1200, "h": 400}, "spriteSourceSize": {"x": 8400, "y": 0, "w": 1200, "h": 400}, "frame": {"x": 8401, "y": 1, "w": 1200, "h": 400}, "anchor": {"x": 0, "y": 0}}]}], "meta": {"app": "https://www.codeandweb.com/texturepacker", "version": "3.0", "smartupdate": "$TexturePacker:SmartUpdate:ee78cacc38551445f4ac068d5f89f5bf:6cc19705e7b39b96deecddd16df19941:21e37d97209970b57444d06f2d32a983$"}}